{"cameraMode":{"drawMode":0,"name":"Shaded","section":"Shading Mode"},"sceneLighting":true,"audioPlay":false,"sceneViewState":{"showFog":true,"showMaterialUpdate":false,"showSkybox":true,"showFlares":true,"showImageEffects":true,"showParticleSystems":true},"in2DMode":false,"pivot":{"x":-13.220000267028809,"y":6.900000095367432,"z":0.03999990224838257},"rotation":{"x":0.05062134563922882,"y":-0.8242025375366211,"z":0.07464724779129029,"w":0.5591663122177124},"size":5.3303608894348148,"orthographic":false}